"","Grid","X","Y","Year"
"1",1038,4897914.64073819,4486503.9469214,"06/07/2018"
"2",1170,4922914.64073819,4411503.9469214,"07/06/2018"
"3",1264,5022914.64073819,4361503.9469214,"25/06/2018"
"4",1271,5197914.64073819,4361503.9469214,"25/07/2018"
"5",1307,4947914.64073819,4336503.9469214,"27/09/2009"
"6",1311,5047914.64073819,4336503.9469214,"06/06/2018"
"7",1318,5222914.64073819,4336503.9469214,"05/06/2018"
"8",1357,5072914.64073819,4311503.9469214,"25/09/2018"
"9",1398,5022914.64073819,4286503.9469214,"08/08/2018"
"10",1404,5172914.64073819,4286503.9469214,"31/07/2018"
"11",1438,4947914.64073819,4261503.9469214,"19/06/2018"
"12",1446,5147914.64073819,4261503.9469214,"27/09/2018"
"13",1483,4947914.64073819,4236503.9469214,"13/06/2018"
"14",1485,4997914.64073819,4236503.9469214,"29/06/2018"
"15",1491,5147914.64073819,4236503.9469214,"18/06/2018"
"16",1530,5022914.64073819,4211503.9469214,"25/07/2018"
"17",1534,5122914.64073819,4211503.9469214,"02/07/2018"
"18",1562,4597914.64073819,4186503.9469214,"22/09/2018"
"19",1578,5122914.64073819,4186503.9469214,"07/09/2018"
"20",1614,4872914.64073819,4161503.9469214,"19/07/2018"
"21",1706,4747914.64073819,4111503.9469214,"29/07/2012"
"22",1711,5147914.64073819,4111503.9469214,"26/08/2018"
"23",1755,5122914.64073819,4086503.9469214,"25/08/2018"
"24",1760,5247914.64073819,4086503.9469214,"25/07/2018"
"25",1789,4597914.64073819,4061503.9469214,"22/08/2018"
"26",1796,4772914.64073819,4061503.9469214,"27/08/2018"
"27",1797,4797914.64073819,4061503.9469214,"27/08/2018"
"28",1810,5322914.64073819,4061503.9469214,"30/08/2009"
"29",1848,4797914.64073819,4036503.9469214,"04/09/2018"
"30",1860,5272914.64073819,4036503.9469214,"21/07/2015"
"31",1910,5122914.64073819,4011503.9469214,"17/06/2009"
"32",1918,5322914.64073819,4011503.9469214,"20/08/2009"
"33",1964,5222914.64073819,3986503.9469214,"15/09/2018"
"34",1965,5247914.64073819,3986503.9469214,"14/09/2018"
"35",2058,5247914.64073819,3936503.9469214,"15/08/2012"
"36",2060,5297914.64073819,3936503.9469214,"09/09/2018"
"37",2106,5197914.64073819,3911503.9469214,"02/08/2018"
"38",2107,5222914.64073819,3911503.9469214,"04/09/2015"
"39",2108,5247914.64073819,3911503.9469214,"28/08/2012"
"40",2111,5322914.64073819,3911503.9469214,"16/07/2018"
"41",2112,5347914.64073819,3911503.9469214,"25/12/2018"
"42",2157,5222914.64073819,3886503.9469214,"16/06/2009"
"43",2158,5247914.64073819,3886503.9469214,"20/05/2015"
"44",2174,3572914.64073819,3861503.9469214,"23/07/2018"
"45",2196,5072914.64073819,3861503.9469214,"17/05/2018"
"46",2201,5222914.64073819,3861503.9469214,"23/07/2012"
"47",2202,5247914.64073819,3861503.9469214,"31/08/2015"
"48",2245,5072914.64073819,3836503.9469214,"12/08/2012"
"49",2246,5097914.64073819,3836503.9469214,"28/05/2018"
"50",2250,5197914.64073819,3836503.9469214,"16/05/2018"
"51",2253,5272914.64073819,3836503.9469214,"20/07/2018"
"52",2256,5347914.64073819,3836503.9469214,"10/09/2012"
"53",2258,5397914.64073819,3836503.9469214,"04/06/2015"
"54",2289,4822914.64073819,3811503.9469214,"23/07/2015"
"55",2297,5147914.64073819,3811503.9469214,"21/09/2018"
"56",2300,5222914.64073819,3811503.9469214,"16/07/2018"
"57",2303,5297914.64073819,3811503.9469214,"21/08/2015"
"58",2304,5322914.64073819,3811503.9469214,"01/07/2009"
"59",2342,4997914.64073819,3786503.9469214,"23/08/2012"
"60",2343,5022914.64073819,3786503.9469214,"23/05/2018"
"61",2344,5047914.64073819,3786503.9469214,"23/05/2018"
"62",2350,5197914.64073819,3786503.9469214,"16/06/2012"
"63",2351,5222914.64073819,3786503.9469214,"09/08/2018"
"64",2356,5347914.64073819,3786503.9469214,"18/08/2015"
"65",2358,5397914.64073819,3786503.9469214,"26/06/2018"
"66",2377,4472914.64073819,3761503.9469214,"10/07/2009"
"67",2390,5022914.64073819,3761503.9469214,"06/07/2018"
"68",2392,5072914.64073819,3761503.9469214,"01/05/2015"
"69",2395,5147914.64073819,3761503.9469214,"17/06/2018"
"70",2400,5272914.64073819,3761503.9469214,"28/07/2009"
"71",2402,5322914.64073819,3761503.9469214,"25/11/2018"
"72",2403,5347914.64073819,3761503.9469214,"19/08/2015"
"73",2404,5372914.64073819,3761503.9469214,"20/05/2012"
"74",2423,4322914.64073819,3736503.9469214,"16/05/2018"
"75",2436,4722914.64073819,3736503.9469214,"03/07/2018"
"76",2438,5022914.64073819,3736503.9469214,"31/08/2018"
"77",2439,5047914.64073819,3736503.9469214,"22/08/2018"
"78",2447,5247914.64073819,3736503.9469214,"15/08/2018"
"79",2449,5297914.64073819,3736503.9469214,"19/09/2018"
"80",2473,4322914.64073819,3711503.9469214,"26/06/2018"
"81",2474,4347914.64073819,3711503.9469214,"14/07/2015"
"82",2491,5097914.64073819,3711503.9469214,"27/08/2009"
"83",2494,5172914.64073819,3711503.9469214,"26/05/2012"
"84",2495,5197914.64073819,3711503.9469214,"08/05/2012"
"85",2496,5222914.64073819,3711503.9469214,"04/09/2018"
"86",2501,5347914.64073819,3711503.9469214,"28/09/2018"
"87",2526,4322914.64073819,3686503.9469214,"02/08/2018"
"88",2534,4597914.64073819,3686503.9469214,"07/09/2015"
"89",2541,5022914.64073819,3686503.9469214,"29/08/2018"
"90",2542,5047914.64073819,3686503.9469214,"30/07/2009"
"91",2544,5097914.64073819,3686503.9469214,"20/05/2012"
"92",2549,5222914.64073819,3686503.9469214,"05/09/2018"
"93",2550,5247914.64073819,3686503.9469214,"09/07/2009"
"94",2585,4472914.64073819,3661503.9469214,"23/07/2015"
"95",2592,5022914.64073819,3661503.9469214,"25/07/2009"
"96",2603,5297914.64073819,3661503.9469214,"18/08/2012"
"97",2604,5322914.64073819,3661503.9469214,"16/08/2012"
"98",2636,4347914.64073819,3636503.9469214,"12/08/2012"
"99",2643,4522914.64073819,3636503.9469214,"20/07/2018"
"100",2645,4572914.64073819,3636503.9469214,"27/08/2018"
"101",2648,5047914.64073819,3636503.9469214,"30/06/2015"
"102",2652,5147914.64073819,3636503.9469214,"23/08/2018"
"103",2653,5172914.64073819,3636503.9469214,"29/05/2018"
"104",2669,3247914.64073819,3611503.9469214,"14/08/2015"
"105",2699,4597914.64073819,3611503.9469214,"28/08/2018"
"106",2708,5197914.64073819,3611503.9469214,"30/07/2009"
"107",2709,5222914.64073819,3611503.9469214,"10/07/2018"
"108",2710,5247914.64073819,3611503.9469214,"21/06/2015"
"109",2711,5272914.64073819,3611503.9469214,"28/08/2015"
"110",2712,5297914.64073819,3611503.9469214,"04/07/2018"
"111",2723,3247914.64073819,3586503.9469214,"24/05/2018"
"112",2744,4472914.64073819,3586503.9469214,"22/09/2018"
"113",2760,5147914.64073819,3586503.9469214,"30/05/2012"
"114",2762,5197914.64073819,3586503.9469214,"10/08/2015"
"115",2763,5222914.64073819,3586503.9469214,"21/08/2009"
"116",2797,4347914.64073819,3561503.9469214,"31/07/2018"
"117",2816,5147914.64073819,3561503.9469214,"08/08/2018"
"118",2817,5172914.64073819,3561503.9469214,"21/08/2018"
"119",2819,5222914.64073819,3561503.9469214,"20/06/2012"
"120",2821,5272914.64073819,3561503.9469214,"04/09/2015"
"121",2843,3522914.64073819,3536503.9469214,"17/07/2012"
"122",2844,3547914.64073819,3536503.9469214,"17/07/2012"
"123",2846,3597914.64073819,3536503.9469214,"12/07/2012"
"124",2875,5172914.64073819,3536503.9469214,"07/06/2018"
"125",2887,3197914.64073819,3511503.9469214,"30/05/2012"
"126",2893,3522914.64073819,3511503.9469214,"11/09/2012"
"127",2894,3547914.64073819,3511503.9469214,"25/07/2012"
"128",2895,3572914.64073819,3511503.9469214,"26/06/2012"
"129",2896,3597914.64073819,3511503.9469214,"28/06/2012"
"130",2898,3647914.64073819,3511503.9469214,"31/05/2012"
"131",2913,4822914.64073819,3511503.9469214,"12/09/2015"
"132",2914,4847914.64073819,3511503.9469214,"27/07/2018"
"133",2915,4872914.64073819,3511503.9469214,"20/07/2018"
"134",2918,4947914.64073819,3511503.9469214,"04/08/2009"
"135",2919,4972914.64073819,3511503.9469214,"24/08/2018"
"136",2920,4997914.64073819,3511503.9469214,"26/07/2012"
"137",2922,5047914.64073819,3511503.9469214,"16/06/2012"
"138",2928,5197914.64073819,3511503.9469214,"01/07/2012"
"139",2945,3522914.64073819,3486503.9469214,"13/09/2012"
"140",2947,3572914.64073819,3486503.9469214,"16/05/2012"
"141",2948,3597914.64073819,3486503.9469214,"10/05/2012"
"142",2949,3622914.64073819,3486503.9469214,"24/05/2012"
"143",2950,3647914.64073819,3486503.9469214,"27/04/2012"
"144",2955,4297914.64073819,3486503.9469214,"19/07/2018"
"145",2956,4322914.64073819,3486503.9469214,"18/07/2015"
"146",2968,4772914.64073819,3486503.9469214,"15/08/2015"
"147",2972,4872914.64073819,3486503.9469214,"12/06/2009"
"148",2976,4972914.64073819,3486503.9469214,"23/08/2012"
"149",2978,5022914.64073819,3486503.9469214,"02/09/2018"
"150",2984,5172914.64073819,3486503.9469214,"27/06/2009"
"151",3005,3572914.64073819,3461503.9469214,"13/08/2012"
"152",3006,3597914.64073819,3461503.9469214,"23/04/2012"
"153",3007,3622914.64073819,3461503.9469214,"18/05/2012"
"154",3008,3647914.64073819,3461503.9469214,"01/05/2012"
"155",3031,4797914.64073819,3461503.9469214,"31/07/2012"
"156",3034,4872914.64073819,3461503.9469214,"21/07/2012"
"157",3035,4897914.64073819,3461503.9469214,"28/06/2012"
"158",3036,4922914.64073819,3461503.9469214,"24/07/2018"
"159",3040,5022914.64073819,3461503.9469214,"31/07/2009"
"160",3045,5147914.64073819,3461503.9469214,"28/07/2012"
"161",3048,5222914.64073819,3461503.9469214,"29/07/2012"
"162",3077,4272914.64073819,3436503.9469214,"10/07/2018"
"163",3081,4372914.64073819,3436503.9469214,"16/06/2018"
"164",3084,4447914.64073819,3436503.9469214,"11/09/2015"
"165",3094,4697914.64073819,3436503.9469214,"17/07/2015"
"166",3095,4722914.64073819,3436503.9469214,"04/08/2015"
"167",3096,4747914.64073819,3436503.9469214,"17/07/2015"
"168",3102,4897914.64073819,3436503.9469214,"31/07/2012"
"169",3112,5147914.64073819,3436503.9469214,"09/06/2018"
"170",3133,3397914.64073819,3411503.9469214,"08/10/2012"
"171",3135,3447914.64073819,3411503.9469214,"04/06/2009"
"172",3136,3472914.64073819,3411503.9469214,"04/10/2012"
"173",3140,3572914.64073819,3411503.9469214,"04/09/2012"
"174",3144,3672914.64073819,3411503.9469214,"21/06/2012"
"175",3149,4247914.64073819,3411503.9469214,"25/06/2009"
"176",3153,4347914.64073819,3411503.9469214,"24/06/2018"
"177",3155,4397914.64073819,3411503.9469214,"16/07/2018"
"178",3156,4422914.64073819,3411503.9469214,"30/07/2012"
"179",3158,4472914.64073819,3411503.9469214,"13/06/2012"
"180",3161,4547914.64073819,3411503.9469214,"11/07/2018"
"181",3164,4622914.64073819,3411503.9469214,"11/08/2009"
"182",3168,4722914.64073819,3411503.9469214,"29/07/2015"
"183",3173,4847914.64073819,3411503.9469214,"30/09/2015"
"184",3174,4872914.64073819,3411503.9469214,"22/09/2015"
"185",3178,4972914.64073819,3411503.9469214,"18/06/2009"
"186",3187,5197914.64073819,3411503.9469214,"08/05/2012"
"187",3196,3097914.64073819,3386503.9469214,"05/07/2018"
"188",3215,3672914.64073819,3386503.9469214,"15/06/2012"
"189",3227,4272914.64073819,3386503.9469214,"23/06/2015"
"190",3228,4297914.64073819,3386503.9469214,"28/06/2012"
"191",3230,4347914.64073819,3386503.9469214,"22/06/2009"
"192",3240,4597914.64073819,3386503.9469214,"16/07/2015"
"193",3243,4672914.64073819,3386503.9469214,"18/09/2012"
"194",3247,4772914.64073819,3386503.9469214,"30/04/2012"
"195",3248,4797914.64073819,3386503.9469214,"06/08/2018"
"196",3250,4847914.64073819,3386503.9469214,"19/08/2018"
"197",3251,4872914.64073819,3386503.9469214,"11/05/2009"
"198",3252,4897914.64073819,3386503.9469214,"15/06/2012"
"199",3257,5022914.64073819,3386503.9469214,"24/07/2015"
"200",3258,5047914.64073819,3386503.9469214,"09/05/2018"
"201",3262,5147914.64073819,3386503.9469214,"12/07/2018"
"202",3271,3047914.64073819,3361503.9469214,"25/05/2015"
"203",3274,3122914.64073819,3361503.9469214,"18/09/2009"
"204",3306,4272914.64073819,3361503.9469214,"20/05/2015"
"205",3309,4347914.64073819,3361503.9469214,"29/07/2018"
"206",3311,4397914.64073819,3361503.9469214,"29/07/2012"
"207",3318,4572914.64073819,3361503.9469214,"22/07/2015"
"208",3323,4697914.64073819,3361503.9469214,"21/08/2018"
"209",3325,4747914.64073819,3361503.9469214,"23/08/2018"
"210",3327,4797914.64073819,3361503.9469214,"23/08/2009"
"211",3329,4847914.64073819,3361503.9469214,"02/07/2009"
"212",3331,4897914.64073819,3361503.9469214,"29/08/2018"
"213",3344,5222914.64073819,3361503.9469214,"19/06/2018"
"214",3349,3047914.64073819,3336503.9469214,"26/05/2015"
"215",3374,4072914.64073819,3336503.9469214,"21/06/2018"
"216",3387,4397914.64073819,3336503.9469214,"30/07/2009"
"217",3388,4422914.64073819,3336503.9469214,"30/07/2015"
"218",3394,4572914.64073819,3336503.9469214,"05/06/2018"
"219",3403,4797914.64073819,3336503.9469214,"11/08/2012"
"220",3404,4822914.64073819,3336503.9469214,"28/09/2018"
"221",3406,4872914.64073819,3336503.9469214,"14/09/2015"
"222",3409,4947914.64073819,3336503.9469214,"31/08/2009"
"223",3413,5047914.64073819,3336503.9469214,"28/08/2012"
"224",3416,5122914.64073819,3336503.9469214,"23/09/2015"
"225",3428,3447914.64073819,3311503.9469214,"22/10/2015"
"226",3429,3472914.64073819,3311503.9469214,"18/07/2012"
"227",3453,4222914.64073819,3311503.9469214,"12/09/2018"
"228",3455,4272914.64073819,3311503.9469214,"14/09/2018"
"229",3480,4897914.64073819,3311503.9469214,"12/08/2009"
"230",3486,5047914.64073819,3311503.9469214,"26/06/2015"
"231",3490,5147914.64073819,3311503.9469214,"27/09/2018"
"232",3502,3447914.64073819,3286503.9469214,"26/09/2012"
"233",3503,3472914.64073819,3286503.9469214,"06/08/2018"
"234",3504,3497914.64073819,3286503.9469214,"19/10/2018"
"235",3518,3997914.64073819,3286503.9469214,"10/06/2015"
"236",3519,4022914.64073819,3286503.9469214,"12/06/2009"
"237",3525,4172914.64073819,3286503.9469214,"10/07/2012"
"238",3526,4197914.64073819,3286503.9469214,"17/07/2018"
"239",3536,4447914.64073819,3286503.9469214,"01/07/2009"
"240",3547,4722914.64073819,3286503.9469214,"29/05/2015"
"241",3549,4772914.64073819,3286503.9469214,"25/06/2012"
"242",3558,4997914.64073819,3286503.9469214,"24/07/2015"
"243",3559,5022914.64073819,3286503.9469214,"04/09/2018"
"244",3561,5072914.64073819,3286503.9469214,"01/05/2015"
"245",3563,5122914.64073819,3286503.9469214,"03/08/2012"
"246",3566,5197914.64073819,3286503.9469214,"07/10/2018"
"247",3574,3447914.64073819,3261503.9469214,"24/09/2012"
"248",3581,3622914.64073819,3261503.9469214,"15/11/2012"
"249",3590,4022914.64073819,3261503.9469214,"19/06/2009"
"250",3594,4122914.64073819,3261503.9469214,"28/08/2018"
"251",3601,4297914.64073819,3261503.9469214,"28/08/2018"
"252",3609,4497914.64073819,3261503.9469214,"13/06/2012"
"253",3610,4522914.64073819,3261503.9469214,"16/07/2012"
"254",3611,4547914.64073819,3261503.9469214,"11/07/2012"
"255",3613,4597914.64073819,3261503.9469214,"11/08/2015"
"256",3614,4622914.64073819,3261503.9469214,"30/05/2018"
"257",3621,4797914.64073819,3261503.9469214,"25/05/2012"
"258",3629,4997914.64073819,3261503.9469214,"30/06/2012"
"259",3631,5047914.64073819,3261503.9469214,"31/05/2015"
"260",3632,5072914.64073819,3261503.9469214,"23/09/2009"
"261",3633,5097914.64073819,3261503.9469214,"29/06/2015"
"262",3635,5147914.64073819,3261503.9469214,"09/08/2012"
"263",3637,5197914.64073819,3261503.9469214,"23/07/2012"
"264",3638,5222914.64073819,3261503.9469214,"28/06/2015"
"265",3657,3972914.64073819,3236503.9469214,"08/09/2015"
"266",3662,4097914.64073819,3236503.9469214,"11/06/2018"
"267",3667,4222914.64073819,3236503.9469214,"06/08/2015"
"268",3678,4497914.64073819,3236503.9469214,"28/06/2018"
"269",3680,4547914.64073819,3236503.9469214,"02/08/2018"
"270",3698,4997914.64073819,3236503.9469214,"30/05/2018"
"271",3699,5022914.64073819,3236503.9469214,"24/05/2018"
"272",3700,5047914.64073819,3236503.9469214,"31/05/2015"
"273",3701,5072914.64073819,3236503.9469214,"30/05/2015"
"274",3702,5097914.64073819,3236503.9469214,"22/05/2018"
"275",3704,5147914.64073819,3236503.9469214,"21/07/2009"
"276",3705,5172914.64073819,3236503.9469214,"30/05/2015"
"277",3731,3997914.64073819,3211503.9469214,"18/07/2018"
"278",3732,4022914.64073819,3211503.9469214,"27/06/2012"
"279",3733,4047914.64073819,3211503.9469214,"20/07/2018"
"280",3739,4197914.64073819,3211503.9469214,"14/06/2018"
"281",3740,4222914.64073819,3211503.9469214,"21/06/2012"
"282",3741,4247914.64073819,3211503.9469214,"10/08/2018"
"283",3742,4272914.64073819,3211503.9469214,"27/06/2018"
"284",3743,4297914.64073819,3211503.9469214,"18/09/2018"
"285",3747,4397914.64073819,3211503.9469214,"29/05/2018"
"286",3748,4422914.64073819,3211503.9469214,"02/01/2009"
"287",3755,4597914.64073819,3211503.9469214,"28/05/2012"
"288",3758,4672914.64073819,3211503.9469214,"18/06/2009"
"289",3767,4897914.64073819,3211503.9469214,"22/06/2009"
"290",3769,4947914.64073819,3211503.9469214,"26/08/2009"
"291",3771,4997914.64073819,3211503.9469214,"13/08/2018"
"292",3772,5022914.64073819,3211503.9469214,"28/07/2018"
"293",3773,5047914.64073819,3211503.9469214,"24/09/2009"
"294",3774,5072914.64073819,3211503.9469214,"29/07/2018"
"295",3777,5147914.64073819,3211503.9469214,"25/08/2009"
"296",3778,5172914.64073819,3211503.9469214,"27/05/2018"
"297",3779,5197914.64073819,3211503.9469214,"09/07/2009"
"298",3788,3397914.64073819,3186503.9469214,"31/08/2009"
"299",3789,3422914.64073819,3186503.9469214,"25/07/2012"
"300",3790,3447914.64073819,3186503.9469214,"13/04/2018"
"301",3805,3947914.64073819,3186503.9469214,"14/08/2012"
"302",3806,3972914.64073819,3186503.9469214,"25/07/2012"
"303",3809,4047914.64073819,3186503.9469214,"19/05/2015"
"304",3810,4072914.64073819,3186503.9469214,"06/06/2018"
"305",3811,4097914.64073819,3186503.9469214,"07/06/2018"
"306",3816,4222914.64073819,3186503.9469214,"26/06/2018"
"307",3818,4272914.64073819,3186503.9469214,"28/06/2018"
"308",3823,4397914.64073819,3186503.9469214,"04/08/2009"
"309",3827,4497914.64073819,3186503.9469214,"10/08/2012"
"310",3831,4597914.64073819,3186503.9469214,"28/05/2015"
"311",3832,4622914.64073819,3186503.9469214,"04/08/2015"
"312",3834,4672914.64073819,3186503.9469214,"12/09/2015"
"313",3837,4747914.64073819,3186503.9469214,"07/06/2018"
"314",3845,4947914.64073819,3186503.9469214,"15/09/2015"
"315",3847,4997914.64073819,3186503.9469214,"28/08/2015"
"316",3848,5022914.64073819,3186503.9469214,"26/06/2015"
"317",3850,5072914.64073819,3186503.9469214,"12/06/2009"
"318",3852,5122914.64073819,3186503.9469214,"28/05/2018"
"319",3853,5147914.64073819,3186503.9469214,"29/06/2009"
"320",3854,5172914.64073819,3186503.9469214,"29/05/2015"
"321",3855,5197914.64073819,3186503.9469214,"17/06/2009"
"322",3856,5222914.64073819,3186503.9469214,"27/05/2012"
"323",3857,5247914.64073819,3186503.9469214,"28/07/2015"
"324",3859,5297914.64073819,3186503.9469214,"07/08/2018"
"325",3874,3622914.64073819,3161503.9469214,"20/05/2015"
"326",3875,3647914.64073819,3161503.9469214,"29/06/2012"
"327",3876,3672914.64073819,3161503.9469214,"25/04/2018"
"328",3877,3697914.64073819,3161503.9469214,"15/05/2015"
"329",3878,3722914.64073819,3161503.9469214,"12/04/2018"
"330",3882,3897914.64073819,3161503.9469214,"08/06/2009"
"331",3883,3922914.64073819,3161503.9469214,"20/05/2018"
"332",3888,4047914.64073819,3161503.9469214,"19/05/2009"
"333",3890,4097914.64073819,3161503.9469214,"25/05/2015"
"334",3892,4147914.64073819,3161503.9469214,"22/05/2009"
"335",3893,4172914.64073819,3161503.9469214,"03/06/2015"
"336",3894,4197914.64073819,3161503.9469214,"13/07/2018"
"337",3895,4222914.64073819,3161503.9469214,"14/07/2018"
"338",3898,4297914.64073819,3161503.9469214,"19/09/2018"
"339",3903,4422914.64073819,3161503.9469214,"28/06/2015"
"340",3916,4747914.64073819,3161503.9469214,"25/07/2012"
"341",3924,4947914.64073819,3161503.9469214,"25/09/2015"
"342",3926,4997914.64073819,3161503.9469214,"18/07/2012"
"343",3929,5072914.64073819,3161503.9469214,"22/07/2018"
"344",3930,5097914.64073819,3161503.9469214,"22/07/2018"
"345",3932,5147914.64073819,3161503.9469214,"28/05/2018"
"346",3933,5172914.64073819,3161503.9469214,"29/05/2015"
"347",3935,5222914.64073819,3161503.9469214,"27/06/2015"
"348",3936,5247914.64073819,3161503.9469214,"18/09/2015"
"349",3938,5297914.64073819,3161503.9469214,"25/05/2012"
"350",3943,3297914.64073819,3136503.9469214,"11/08/2015"
"351",3967,3897914.64073819,3136503.9469214,"23/06/2015"
"352",3969,3947914.64073819,3136503.9469214,"30/09/2015"
"353",3976,4122914.64073819,3136503.9469214,"06/05/2018"
"354",3977,4147914.64073819,3136503.9469214,"14/05/2009"
"355",3978,4172914.64073819,3136503.9469214,"12/05/2012"
"356",3984,4322914.64073819,3136503.9469214,"26/09/2018"
"357",3985,4347914.64073819,3136503.9469214,"12/08/2015"
"358",3987,4397914.64073819,3136503.9469214,"26/06/2015"
"359",3988,4422914.64073819,3136503.9469214,"29/08/2015"
"360",3989,4447914.64073819,3136503.9469214,"24/07/2012"
"361",3992,4522914.64073819,3136503.9469214,"09/06/2018"
"362",3997,4647914.64073819,3136503.9469214,"09/09/2018"
"363",4001,4747914.64073819,3136503.9469214,"26/06/2009"
"364",4010,4972914.64073819,3136503.9469214,"28/05/2018"
"365",4013,5047914.64073819,3136503.9469214,"29/08/2015"
"366",4014,5072914.64073819,3136503.9469214,"21/09/2018"
"367",4015,5097914.64073819,3136503.9469214,"29/08/2015"
"368",4016,5122914.64073819,3136503.9469214,"30/07/2009"
"369",4017,5147914.64073819,3136503.9469214,"28/07/2015"
"370",4019,5197914.64073819,3136503.9469214,"26/05/2018"
"371",4021,5247914.64073819,3136503.9469214,"26/05/2018"
"372",4023,5297914.64073819,3136503.9469214,"26/05/2018"
"373",4032,3347914.64073819,3111503.9469214,"06/08/2015"
"374",4045,3872914.64073819,3111503.9469214,"28/07/2018"
"375",4046,3897914.64073819,3111503.9469214,"27/09/2018"
"376",4048,3947914.64073819,3111503.9469214,"17/08/2018"
"377",4049,3972914.64073819,3111503.9469214,"12/07/2015"
"378",4050,3997914.64073819,3111503.9469214,"23/06/2015"
"379",4051,4022914.64073819,3111503.9469214,"04/09/2018"
"380",4052,4047914.64073819,3111503.9469214,"11/07/2015"
"381",4054,4097914.64073819,3111503.9469214,"27/06/2012"
"382",4062,4297914.64073819,3111503.9469214,"12/08/2012"
"383",4064,4347914.64073819,3111503.9469214,"04/08/2018"
"384",4069,4472914.64073819,3111503.9469214,"20/05/2012"
"385",4070,4497914.64073819,3111503.9469214,"10/07/2012"
"386",4072,4547914.64073819,3111503.9469214,"21/05/2012"
"387",4073,4572914.64073819,3111503.9469214,"26/09/2018"
"388",4074,4597914.64073819,3111503.9469214,"18/09/2018"
"389",4075,4622914.64073819,3111503.9469214,"22/06/2015"
"390",4076,4647914.64073819,3111503.9469214,"22/06/2012"
"391",4082,4797914.64073819,3111503.9469214,"19/08/2015"
"392",4084,4847914.64073819,3111503.9469214,"02/09/2009"
"393",4087,4922914.64073819,3111503.9469214,"23/09/2015"
"394",4090,4997914.64073819,3111503.9469214,"24/05/2018"
"395",4091,5022914.64073819,3111503.9469214,"08/09/2015"
"396",4093,5072914.64073819,3111503.9469214,"31/08/2015"
"397",4095,5122914.64073819,3111503.9469214,"28/07/2015"
"398",4096,5147914.64073819,3111503.9469214,"28/07/2015"
"399",4107,3797914.64073819,3086503.9469214,"31/07/2009"
"400",4111,3897914.64073819,3086503.9469214,"20/08/2018"
"401",4114,3972914.64073819,3086503.9469214,"31/05/2012"
"402",4115,3997914.64073819,3086503.9469214,"30/08/2018"
"403",4116,4022914.64073819,3086503.9469214,"29/09/2009"
"404",4117,4047914.64073819,3086503.9469214,"31/05/2012"
"405",4119,4097914.64073819,3086503.9469214,"22/05/2018"
"406",4121,4147914.64073819,3086503.9469214,"25/06/2015"
"407",4122,4172914.64073819,3086503.9469214,"30/08/2015"
"408",4123,4197914.64073819,3086503.9469214,"08/06/2015"
"409",4125,4247914.64073819,3086503.9469214,"21/06/2018"
"410",4126,4272914.64073819,3086503.9469214,"17/06/2015"
"411",4130,4372914.64073819,3086503.9469214,"28/05/2009"
"412",4132,4422914.64073819,3086503.9469214,"22/05/2015"
"413",4133,4447914.64073819,3086503.9469214,"12/07/2012"
"414",4136,4522914.64073819,3086503.9469214,"03/07/2009"
"415",4137,4547914.64073819,3086503.9469214,"22/05/2012"
"416",4140,4622914.64073819,3086503.9469214,"14/07/2009"
"417",4141,4647914.64073819,3086503.9469214,"03/09/2018"
"418",4142,4672914.64073819,3086503.9469214,"17/08/2015"
"419",4143,4697914.64073819,3086503.9469214,"14/08/2018"
"420",4145,4747914.64073819,3086503.9469214,"11/09/2015"
"421",4146,4772914.64073819,3086503.9469214,"20/08/2018"
"422",4147,4797914.64073819,3086503.9469214,"27/07/2012"
"423",4150,4872914.64073819,3086503.9469214,"07/07/2018"
"424",4151,4897914.64073819,3086503.9469214,"09/05/2015"
"425",4156,5022914.64073819,3086503.9469214,"23/05/2018"
"426",4157,5047914.64073819,3086503.9469214,"27/06/2012"
"427",4159,5097914.64073819,3086503.9469214,"30/07/2015"
"428",4170,3797914.64073819,3061503.9469214,"29/04/2009"
"429",4172,3847914.64073819,3061503.9469214,"14/08/2012"
"430",4173,3872914.64073819,3061503.9469214,"25/06/2015"
"431",4181,4072914.64073819,3061503.9469214,"30/05/2018"
"432",4183,4122914.64073819,3061503.9469214,"13/05/2012"
"433",4184,4147914.64073819,3061503.9469214,"29/06/2012"
"434",4187,4222914.64073819,3061503.9469214,"13/06/2018"
"435",4190,4297914.64073819,3061503.9469214,"21/08/2018"
"436",4197,4472914.64073819,3061503.9469214,"31/08/2015"
"437",4198,4497914.64073819,3061503.9469214,"19/05/2015"
"438",4202,4597914.64073819,3061503.9469214,"17/06/2015"
"439",4205,4672914.64073819,3061503.9469214,"11/07/2012"
"440",4206,4697914.64073819,3061503.9469214,"10/07/2012"
"441",4207,4722914.64073819,3061503.9469214,"23/07/2018"
"442",4208,4747914.64073819,3061503.9469214,"13/06/2012"
"443",4213,4872914.64073819,3061503.9469214,"08/07/2018"
"444",4214,4897914.64073819,3061503.9469214,"06/07/2018"
"445",4217,4972914.64073819,3061503.9469214,"19/06/2018"
"446",4219,5022914.64073819,3061503.9469214,"24/06/2015"
"447",4220,5047914.64073819,3061503.9469214,"27/07/2012"
"448",4221,5072914.64073819,3061503.9469214,"05/09/2015"
"449",4222,5097914.64073819,3061503.9469214,"31/05/2018"
"450",4223,5122914.64073819,3061503.9469214,"21/05/2015"
"451",4225,5172914.64073819,3061503.9469214,"08/07/2009"
"452",4226,5197914.64073819,3061503.9469214,"22/05/2012"
"453",4237,3872914.64073819,3036503.9469214,"13/08/2015"
"454",4238,3897914.64073819,3036503.9469214,"17/07/2018"
"455",4239,3922914.64073819,3036503.9469214,"28/07/2015"
"456",4246,4097914.64073819,3036503.9469214,"22/05/2018"
"457",4247,4122914.64073819,3036503.9469214,"17/05/2009"
"458",4249,4172914.64073819,3036503.9469214,"27/08/2015"
"459",4250,4197914.64073819,3036503.9469214,"08/08/2015"
"460",4252,4247914.64073819,3036503.9469214,"02/07/2018"
"461",4254,4297914.64073819,3036503.9469214,"26/08/2018"
"462",4255,4322914.64073819,3036503.9469214,"22/06/2015"
"463",4256,4347914.64073819,3036503.9469214,"27/08/2018"
"464",4258,4397914.64073819,3036503.9469214,"15/06/2009"
"465",4266,4597914.64073819,3036503.9469214,"11/07/2018"
"466",4267,4622914.64073819,3036503.9469214,"27/05/2009"
"467",4271,4722914.64073819,3036503.9469214,"07/05/2015"
"468",4272,4747914.64073819,3036503.9469214,"24/05/2012"
"469",4280,4947914.64073819,3036503.9469214,"16/06/2018"
"470",4281,4972914.64073819,3036503.9469214,"12/06/2018"
"471",4283,5022914.64073819,3036503.9469214,"04/06/2012"
"472",4286,5097914.64073819,3036503.9469214,"31/07/2015"
"473",4287,5122914.64073819,3036503.9469214,"25/08/2012"
"474",4288,5147914.64073819,3036503.9469214,"06/07/2018"
"475",4291,5222914.64073819,3036503.9469214,"29/05/2018"
"476",4292,5247914.64073819,3036503.9469214,"01/09/2018"
"477",4294,3497914.64073819,3011503.9469214,"09/06/2015"
"478",4298,3672914.64073819,3011503.9469214,"30/05/2012"
"479",4306,3872914.64073819,3011503.9469214,"24/07/2009"
"480",4307,3897914.64073819,3011503.9469214,"16/07/2018"
"481",4314,4072914.64073819,3011503.9469214,"28/08/2015"
"482",4315,4097914.64073819,3011503.9469214,"27/06/2018"
"483",4318,4172914.64073819,3011503.9469214,"31/05/2018"
"484",4319,4197914.64073819,3011503.9469214,"30/06/2015"
"485",4320,4222914.64073819,3011503.9469214,"24/06/2018"
"486",4321,4247914.64073819,3011503.9469214,"31/07/2015"
"487",4324,4322914.64073819,3011503.9469214,"12/07/2009"
"488",4325,4347914.64073819,3011503.9469214,"02/09/2018"
"489",4327,4397914.64073819,3011503.9469214,"25/06/2012"
"490",4329,4447914.64073819,3011503.9469214,"06/07/2012"
"491",4330,4472914.64073819,3011503.9469214,"30/06/2015"
"492",4331,4497914.64073819,3011503.9469214,"17/07/2018"
"493",4336,4622914.64073819,3011503.9469214,"06/05/2009"
"494",4339,4697914.64073819,3011503.9469214,"29/06/2009"
"495",4340,4722914.64073819,3011503.9469214,"19/05/2015"
"496",4341,4747914.64073819,3011503.9469214,"30/04/2015"
"497",4342,4772914.64073819,3011503.9469214,"23/07/2015"
"498",4343,4797914.64073819,3011503.9469214,"22/06/2018"
"499",4347,4897914.64073819,3011503.9469214,"30/11/2018"
"500",4348,4922914.64073819,3011503.9469214,"15/08/2018"
"501",4353,5047914.64073819,3011503.9469214,"31/05/2018"
"502",4354,5072914.64073819,3011503.9469214,"31/07/2015"
"503",4355,5097914.64073819,3011503.9469214,"30/05/2018"
"504",4356,5122914.64073819,3011503.9469214,"31/07/2009"
"505",4357,5147914.64073819,3011503.9469214,"29/05/2018"
"506",4358,5172914.64073819,3011503.9469214,"28/06/2012"
"507",4359,5197914.64073819,3011503.9469214,"03/08/2009"
"508",4364,3522914.64073819,2986503.9469214,"03/06/2015"
"509",4367,3647914.64073819,2986503.9469214,"28/05/2009"
"510",4369,3697914.64073819,2986503.9469214,"30/06/2009"
"511",4371,3747914.64073819,2986503.9469214,"16/08/2018"
"512",4375,3847914.64073819,2986503.9469214,"16/07/2012"
"513",4383,4047914.64073819,2986503.9469214,"13/09/2018"
"514",4384,4072914.64073819,2986503.9469214,"25/06/2012"
"515",4388,4172914.64073819,2986503.9469214,"28/09/2012"
"516",4393,4297914.64073819,2986503.9469214,"25/09/2018"
"517",4395,4347914.64073819,2986503.9469214,"16/05/2012"
"518",4396,4372914.64073819,2986503.9469214,"03/06/2015"
"519",4397,4397914.64073819,2986503.9469214,"03/08/2018"
"520",4398,4422914.64073819,2986503.9469214,"21/05/2009"
"521",4406,4622914.64073819,2986503.9469214,"19/06/2012"
"522",4407,4647914.64073819,2986503.9469214,"13/08/2015"
"523",4409,4697914.64073819,2986503.9469214,"14/08/2015"
"524",4410,4722914.64073819,2986503.9469214,"25/06/2012"
"525",4411,4747914.64073819,2986503.9469214,"26/07/2018"
"526",4414,4822914.64073819,2986503.9469214,"28/06/2018"
"527",4415,4847914.64073819,2986503.9469214,"29/11/2018"
"528",4416,4872914.64073819,2986503.9469214,"10/07/2009"
"529",4417,4897914.64073819,2986503.9469214,"20/05/2012"
"530",4418,4922914.64073819,2986503.9469214,"30/11/2018"
"531",4419,4947914.64073819,2986503.9469214,"22/05/2015"
"532",4424,5072914.64073819,2986503.9469214,"30/05/2018"
"533",4425,5097914.64073819,2986503.9469214,"30/05/2018"
"534",4434,3522914.64073819,2961503.9469214,"15/10/2018"
"535",4435,3547914.64073819,2961503.9469214,"05/07/2018"
"536",4436,3572914.64073819,2961503.9469214,"01/06/2015"
"537",4437,3597914.64073819,2961503.9469214,"06/08/2018"
"538",4438,3622914.64073819,2961503.9469214,"27/05/2009"
"539",4439,3647914.64073819,2961503.9469214,"26/06/2015"
"540",4442,3722914.64073819,2961503.9469214,"03/07/2012"
"541",4451,3947914.64073819,2961503.9469214,"11/09/2018"
"542",4456,4072914.64073819,2961503.9469214,"17/07/2015"
"543",4459,4147914.64073819,2961503.9469214,"26/08/2012"
"544",4461,4197914.64073819,2961503.9469214,"22/07/2018"
"545",4463,4247914.64073819,2961503.9469214,"28/07/2009"
"546",4465,4297914.64073819,2961503.9469214,"27/07/2012"
"547",4466,4322914.64073819,2961503.9469214,"18/09/2015"
"548",4467,4347914.64073819,2961503.9469214,"12/06/2018"
"549",4469,4397914.64073819,2961503.9469214,"24/07/2009"
"550",4475,4547914.64073819,2961503.9469214,"30/06/2009"
"551",4476,4572914.64073819,2961503.9469214,"08/08/2018"
"552",4477,4597914.64073819,2961503.9469214,"23/06/2009"
"553",4480,4672914.64073819,2961503.9469214,"29/06/2015"
"554",4481,4697914.64073819,2961503.9469214,"22/05/2015"
"555",4482,4722914.64073819,2961503.9469214,"19/05/2015"
"556",4484,4772914.64073819,2961503.9469214,"29/05/2012"
"557",4485,4797914.64073819,2961503.9469214,"27/05/2009"
"558",4486,4822914.64073819,2961503.9469214,"11/07/2015"
"559",4487,4847914.64073819,2961503.9469214,"26/06/2018"
"560",4489,4897914.64073819,2961503.9469214,"27/06/2018"
"561",4490,4922914.64073819,2961503.9469214,"23/05/2012"
"562",4499,5147914.64073819,2961503.9469214,"22/07/2015"
"563",4500,5172914.64073819,2961503.9469214,"26/07/2018"
"564",4502,5222914.64073819,2961503.9469214,"24/07/2012"
"565",4506,3272914.64073819,2936503.9469214,"06/07/2012"
"566",4509,3347914.64073819,2936503.9469214,"24/07/2018"
"567",4511,3472914.64073819,2936503.9469214,"10/07/2015"
"568",4512,3497914.64073819,2936503.9469214,"23/07/2009"
"569",4513,3522914.64073819,2936503.9469214,"28/05/2015"
"570",4516,3597914.64073819,2936503.9469214,"18/07/2012"
"571",4517,3622914.64073819,2936503.9469214,"27/06/2009"
"572",4518,3647914.64073819,2936503.9469214,"23/06/2012"
"573",4525,3822914.64073819,2936503.9469214,"16/08/2012"
"574",4534,4047914.64073819,2936503.9469214,"26/04/2012"
"575",4537,4122914.64073819,2936503.9469214,"29/05/2012"
"576",4538,4147914.64073819,2936503.9469214,"31/08/2012"
"577",4543,4272914.64073819,2936503.9469214,"22/07/2012"
"578",4544,4297914.64073819,2936503.9469214,"16/07/2018"
"579",4545,4322914.64073819,2936503.9469214,"27/05/2012"
"580",4547,4372914.64073819,2936503.9469214,"05/06/2018"
"581",4549,4422914.64073819,2936503.9469214,"31/07/2012"
"582",4558,4647914.64073819,2936503.9469214,"27/06/2012"
"583",4560,4697914.64073819,2936503.9469214,"10/07/2012"
"584",4562,4747914.64073819,2936503.9469214,"22/07/2015"
"585",4564,4797914.64073819,2936503.9469214,"30/09/2018"
"586",4567,4872914.64073819,2936503.9469214,"28/05/2009"
"587",4568,4897914.64073819,2936503.9469214,"30/06/2015"
"588",4570,4947914.64073819,2936503.9469214,"28/06/2012"
"589",4580,5197914.64073819,2936503.9469214,"28/06/2018"
"590",4581,5222914.64073819,2936503.9469214,"25/07/2018"
"591",4593,3422914.64073819,2911503.9469214,"26/06/2012"
"592",4594,3447914.64073819,2911503.9469214,"23/07/2018"
"593",4595,3472914.64073819,2911503.9469214,"17/07/2015"
"594",4596,3497914.64073819,2911503.9469214,"26/07/2012"
"595",4597,3522914.64073819,2911503.9469214,"24/08/2012"
"596",4598,3547914.64073819,2911503.9469214,"07/09/2015"
"597",4599,3572914.64073819,2911503.9469214,"27/05/2015"
"598",4600,3597914.64073819,2911503.9469214,"22/05/2009"
"599",4601,3622914.64073819,2911503.9469214,"29/06/2009"
"600",4607,3772914.64073819,2911503.9469214,"14/08/2015"
"601",4608,3797914.64073819,2911503.9469214,"04/08/2009"
"602",4614,3947914.64073819,2911503.9469214,"30/06/2009"
"603",4620,4097914.64073819,2911503.9469214,"22/05/2018"
"604",4621,4122914.64073819,2911503.9469214,"10/09/2012"
"605",4622,4147914.64073819,2911503.9469214,"23/09/2015"
"606",4623,4172914.64073819,2911503.9469214,"19/06/2015"
"607",4627,4272914.64073819,2911503.9469214,"31/05/2018"
"608",4628,4297914.64073819,2911503.9469214,"31/05/2018"
"609",4629,4322914.64073819,2911503.9469214,"18/07/2018"
"610",4630,4347914.64073819,2911503.9469214,"29/08/2015"
"611",4632,4397914.64073819,2911503.9469214,"30/06/2018"
"612",4633,4422914.64073819,2911503.9469214,"28/05/2009"
"613",4642,4647914.64073819,2911503.9469214,"27/05/2009"
"614",4648,4797914.64073819,2911503.9469214,"28/11/2018"
"615",4649,4822914.64073819,2911503.9469214,"20/05/2009"
"616",4650,4847914.64073819,2911503.9469214,"26/05/2015"
"617",4651,4872914.64073819,2911503.9469214,"26/05/2009"
"618",4652,4897914.64073819,2911503.9469214,"30/06/2015"
"619",4653,4922914.64073819,2911503.9469214,"27/08/2015"
"620",4662,5147914.64073819,2911503.9469214,"30/04/2018"
"621",4663,5172914.64073819,2911503.9469214,"29/05/2018"
"622",4664,5197914.64073819,2911503.9469214,"24/07/2018"
"623",4672,3272914.64073819,2886503.9469214,"17/07/2009"
"624",4674,3322914.64073819,2886503.9469214,"15/07/2012"
"625",4676,3372914.64073819,2886503.9469214,"30/07/2015"
"626",4680,3472914.64073819,2886503.9469214,"30/06/2015"
"627",4681,3497914.64073819,2886503.9469214,"23/07/2012"
"628",4682,3522914.64073819,2886503.9469214,"31/07/2015"
"629",4683,3547914.64073819,2886503.9469214,"15/08/2018"
"630",4684,3572914.64073819,2886503.9469214,"23/06/2015"
"631",4699,3947914.64073819,2886503.9469214,"01/07/2015"
"632",4705,4097914.64073819,2886503.9469214,"28/07/2015"
"633",4708,4172914.64073819,2886503.9469214,"25/06/2009"
"634",4709,4197914.64073819,2886503.9469214,"16/05/2015"
"635",4710,4222914.64073819,2886503.9469214,"27/06/2018"
"636",4711,4247914.64073819,2886503.9469214,"26/09/2015"
"637",4712,4272914.64073819,2886503.9469214,"26/05/2018"
"638",4713,4297914.64073819,2886503.9469214,"24/07/2015"
"639",4714,4322914.64073819,2886503.9469214,"21/08/2012"
"640",4715,4347914.64073819,2886503.9469214,"20/05/2009"
"641",4718,4422914.64073819,2886503.9469214,"31/05/2009"
"642",4722,4522914.64073819,2886503.9469214,"21/06/2015"
"643",4727,4647914.64073819,2886503.9469214,"27/07/2015"
"644",4729,4697914.64073819,2886503.9469214,"24/07/2018"
"645",4733,4797914.64073819,2886503.9469214,"25/04/2012"
"646",4735,4847914.64073819,2886503.9469214,"25/06/2015"
"647",4737,4897914.64073819,2886503.9469214,"31/07/2018"
"648",4738,4922914.64073819,2886503.9469214,"16/08/2018"
"649",4741,4997914.64073819,2886503.9469214,"07/06/2018"
"650",4746,5122914.64073819,2886503.9469214,"23/07/2015"
"651",4748,5172914.64073819,2886503.9469214,"02/09/2015"
"652",4749,5197914.64073819,2886503.9469214,"12/08/2015"
"653",4753,5522914.64073819,2886503.9469214,"29/08/2012"
"654",4754,5547914.64073819,2886503.9469214,"28/08/2012"
"655",4761,3322914.64073819,2861503.9469214,"27/07/2012"
"656",4764,3397914.64073819,2861503.9469214,"16/07/2018"
"657",4766,3447914.64073819,2861503.9469214,"26/06/2012"
"658",4767,3472914.64073819,2861503.9469214,"13/06/2015"
"659",4769,3522914.64073819,2861503.9469214,"08/08/2018"
"660",4773,3622914.64073819,2861503.9469214,"24/07/2015"
"661",4774,3647914.64073819,2861503.9469214,"12/09/2015"
"662",4793,4122914.64073819,2861503.9469214,"20/07/2015"
"663",4794,4147914.64073819,2861503.9469214,"25/08/2015"
"664",4796,4197914.64073819,2861503.9469214,"27/05/2015"
"665",4797,4222914.64073819,2861503.9469214,"18/08/2015"
"666",4798,4247914.64073819,2861503.9469214,"29/07/2018"
"667",4799,4272914.64073819,2861503.9469214,"30/07/2018"
"668",4800,4297914.64073819,2861503.9469214,"08/06/2015"
"669",4804,4397914.64073819,2861503.9469214,"26/05/2018"
"670",4806,4447914.64073819,2861503.9469214,"16/06/2009"
"671",4811,4572914.64073819,2861503.9469214,"20/07/2009"
"672",4813,4622914.64073819,2861503.9469214,"31/07/2018"
"673",4814,4647914.64073819,2861503.9469214,"26/05/2009"
"674",4821,4822914.64073819,2861503.9469214,"26/04/2012"
"675",4822,4847914.64073819,2861503.9469214,"20/06/2012"
"676",4823,4872914.64073819,2861503.9469214,"31/07/2012"
"677",4825,4922914.64073819,2861503.9469214,"30/06/2009"
"678",4826,4947914.64073819,2861503.9469214,"31/07/2009"
"679",4827,4972914.64073819,2861503.9469214,"20/06/2018"
"680",4828,4997914.64073819,2861503.9469214,"24/04/2012"
"681",4829,5022914.64073819,2861503.9469214,"20/05/2009"
"682",4830,5047914.64073819,2861503.9469214,"30/06/2015"
"683",4831,5072914.64073819,2861503.9469214,"29/08/2018"
"684",4837,5222914.64073819,2861503.9469214,"29/06/2012"
"685",4838,5247914.64073819,2861503.9469214,"21/07/2015"
"686",4839,5272914.64073819,2861503.9469214,"30/06/2009"
"687",4840,5297914.64073819,2861503.9469214,"14/06/2012"
"688",4841,5322914.64073819,2861503.9469214,"14/06/2012"
"689",4842,5347914.64073819,2861503.9469214,"04/09/2015"
"690",4843,5372914.64073819,2861503.9469214,"14/07/2012"
"691",4844,5397914.64073819,2861503.9469214,"14/07/2012"
"692",4849,5522914.64073819,2861503.9469214,"19/06/2015"
"693",4850,5547914.64073819,2861503.9469214,"30/08/2012"
"694",4852,5597914.64073819,2861503.9469214,"29/08/2012"
"695",4857,3297914.64073819,2836503.9469214,"28/05/2015"
"696",4862,3422914.64073819,2836503.9469214,"26/06/2015"
"697",4863,3447914.64073819,2836503.9469214,"30/06/2012"
"698",4868,3572914.64073819,2836503.9469214,"22/06/2009"
"699",4869,3597914.64073819,2836503.9469214,"17/06/2009"
"700",4876,3772914.64073819,2836503.9469214,"31/07/2012"
"701",4883,3947914.64073819,2836503.9469214,"22/06/2009"
"702",4887,4047914.64073819,2836503.9469214,"02/06/2015"
"703",4890,4122914.64073819,2836503.9469214,"20/07/2015"
"704",4892,4172914.64073819,2836503.9469214,"06/08/2018"
"705",4895,4247914.64073819,2836503.9469214,"29/05/2012"
"706",4896,4272914.64073819,2836503.9469214,"31/05/2012"
"707",4897,4297914.64073819,2836503.9469214,"26/09/2018"
"708",4898,4322914.64073819,2836503.9469214,"15/08/2015"
"709",4899,4347914.64073819,2836503.9469214,"30/08/2015"
"710",4901,4397914.64073819,2836503.9469214,"27/05/2009"
"711",4906,4522914.64073819,2836503.9469214,"30/06/2015"
"712",4907,4547914.64073819,2836503.9469214,"23/07/2012"
"713",4913,4697914.64073819,2836503.9469214,"28/07/2018"
"714",4917,4797914.64073819,2836503.9469214,"14/06/2018"
"715",4921,4897914.64073819,2836503.9469214,"29/06/2015"
"716",4924,4972914.64073819,2836503.9469214,"15/05/2012"
"717",4926,5022914.64073819,2836503.9469214,"24/05/2012"
"718",4929,5097914.64073819,2836503.9469214,"25/06/2012"
"719",4930,5122914.64073819,2836503.9469214,"21/05/2018"
"720",4933,5197914.64073819,2836503.9469214,"02/01/2009"
"721",4934,5222914.64073819,2836503.9469214,"25/06/2015"
"722",4935,5247914.64073819,2836503.9469214,"24/08/2009"
"723",4936,5272914.64073819,2836503.9469214,"29/07/2015"
"724",4937,5297914.64073819,2836503.9469214,"13/06/2012"
"725",4938,5322914.64073819,2836503.9469214,"22/07/2018"
"726",4939,5347914.64073819,2836503.9469214,"26/07/2018"
"727",4940,5372914.64073819,2836503.9469214,"17/07/2012"
"728",4941,5397914.64073819,2836503.9469214,"03/09/2015"
"729",4944,5472914.64073819,2836503.9469214,"30/07/2012"
"730",4945,5497914.64073819,2836503.9469214,"14/06/2018"
"731",4946,5522914.64073819,2836503.9469214,"26/07/2012"
"732",4947,5547914.64073819,2836503.9469214,"26/07/2012"
"733",4948,5572914.64073819,2836503.9469214,"21/08/2012"
"734",4949,5597914.64073819,2836503.9469214,"31/08/2012"
"735",4957,3422914.64073819,2811503.9469214,"11/07/2012"
"736",4960,3497914.64073819,2811503.9469214,"20/07/2009"
"737",4962,3547914.64073819,2811503.9469214,"13/07/2018"
"738",4974,3847914.64073819,2811503.9469214,"06/07/2018"
"739",4975,3872914.64073819,2811503.9469214,"22/09/2015"
"740",4981,4022914.64073819,2811503.9469214,"02/05/2012"
"741",4987,4172914.64073819,2811503.9469214,"25/06/2015"
"742",4989,4222914.64073819,2811503.9469214,"05/08/2018"
"743",4990,4247914.64073819,2811503.9469214,"24/09/2018"
"744",4991,4272914.64073819,2811503.9469214,"27/06/2012"
"745",4994,4347914.64073819,2811503.9469214,"20/07/2018"
"746",5002,4547914.64073819,2811503.9469214,"26/07/2012"
"747",5003,4572914.64073819,2811503.9469214,"22/05/2018"
"748",5004,4597914.64073819,2811503.9469214,"22/05/2018"
"749",5005,4622914.64073819,2811503.9469214,"08/05/2018"
"750",5007,4672914.64073819,2811503.9469214,"27/05/2018"
"751",5008,4697914.64073819,2811503.9469214,"21/06/2012"
"752",5010,4747914.64073819,2811503.9469214,"16/06/2015"
"753",5012,4797914.64073819,2811503.9469214,"27/05/2015"
"754",5014,4847914.64073819,2811503.9469214,"28/04/2009"
"755",5016,4897914.64073819,2811503.9469214,"14/05/2018"
"756",5019,4972914.64073819,2811503.9469214,"10/06/2009"
"757",5028,5197914.64073819,2811503.9469214,"30/05/2012"
"758",5030,5247914.64073819,2811503.9469214,"25/06/2012"
"759",5031,5272914.64073819,2811503.9469214,"17/06/2012"
"760",5033,5322914.64073819,2811503.9469214,"19/07/2018"
"761",5034,5347914.64073819,2811503.9469214,"25/07/2018"
"762",5042,5547914.64073819,2811503.9469214,"16/09/2012"
"763",5043,5572914.64073819,2811503.9469214,"09/07/2012"
"764",5044,5597914.64073819,2811503.9469214,"14/07/2012"
"765",5052,3397914.64073819,2786503.9469214,"24/07/2012"
"766",5055,3472914.64073819,2786503.9469214,"28/05/2009"
"767",5057,3522914.64073819,2786503.9469214,"30/07/2012"
"768",5059,3572914.64073819,2786503.9469214,"30/06/2018"
"769",5064,3697914.64073819,2786503.9469214,"28/05/2009"
"770",5068,3797914.64073819,2786503.9469214,"15/08/2018"
"771",5071,3872914.64073819,2786503.9469214,"23/07/2018"
"772",5072,3897914.64073819,2786503.9469214,"24/07/2018"
"773",5081,4122914.64073819,2786503.9469214,"27/07/2009"
"774",5082,4147914.64073819,2786503.9469214,"14/08/2018"
"775",5083,4172914.64073819,2786503.9469214,"22/07/2015"
"776",5086,4247914.64073819,2786503.9469214,"31/08/2012"
"777",5088,4297914.64073819,2786503.9469214,"26/07/2018"
"778",5095,4472914.64073819,2786503.9469214,"18/05/2015"
"779",5096,4497914.64073819,2786503.9469214,"18/09/2018"
"780",5097,4522914.64073819,2786503.9469214,"19/09/2018"
"781",5098,4547914.64073819,2786503.9469214,"08/05/2018"
"782",5099,4572914.64073819,2786503.9469214,"14/05/2018"
"783",5101,4622914.64073819,2786503.9469214,"15/05/2018"
"784",5102,4647914.64073819,2786503.9469214,"29/05/2012"
"785",5104,4697914.64073819,2786503.9469214,"08/06/2009"
"786",5106,4747914.64073819,2786503.9469214,"24/07/2012"
"787",5110,4847914.64073819,2786503.9469214,"28/05/2015"
"788",5113,4922914.64073819,2786503.9469214,"18/06/2018"
"789",5116,4997914.64073819,2786503.9469214,"15/07/2018"
"790",5127,5272914.64073819,2786503.9469214,"26/06/2012"
"791",5128,5297914.64073819,2786503.9469214,"01/07/2012"
"792",5129,5322914.64073819,2786503.9469214,"19/07/2018"
"793",5131,5372914.64073819,2786503.9469214,"25/06/2018"
"794",5133,5422914.64073819,2786503.9469214,"04/09/2012"
"795",5138,5547914.64073819,2786503.9469214,"19/07/2012"
"796",5139,5572914.64073819,2786503.9469214,"17/08/2012"
"797",5150,3497914.64073819,2761503.9469214,"26/05/2015"
"798",5151,3522914.64073819,2761503.9469214,"31/07/2012"
"799",5152,3547914.64073819,2761503.9469214,"09/07/2012"
"800",5155,3622914.64073819,2761503.9469214,"25/07/2009"
"801",5174,4097914.64073819,2761503.9469214,"13/08/2018"
"802",5175,4122914.64073819,2761503.9469214,"29/07/2009"
"803",5176,4147914.64073819,2761503.9469214,"21/05/2015"
"804",5179,4222914.64073819,2761503.9469214,"29/08/2018"
"805",5180,4247914.64073819,2761503.9469214,"16/06/2009"
"806",5185,4372914.64073819,2761503.9469214,"08/06/2012"
"807",5186,4397914.64073819,2761503.9469214,"18/07/2009"
"808",5194,4597914.64073819,2761503.9469214,"18/05/2012"
"809",5195,4622914.64073819,2761503.9469214,"08/05/2015"
"810",5201,4772914.64073819,2761503.9469214,"24/07/2012"
"811",5202,4797914.64073819,2761503.9469214,"22/06/2015"
"812",5212,5047914.64073819,2761503.9469214,"26/06/2015"
"813",5221,5272914.64073819,2761503.9469214,"31/07/2012"
"814",5222,5297914.64073819,2761503.9469214,"15/09/2015"
"815",5224,5347914.64073819,2761503.9469214,"29/08/2012"
"816",5225,5372914.64073819,2761503.9469214,"22/08/2012"
"817",5226,5397914.64073819,2761503.9469214,"05/09/2012"
"818",5227,5422914.64073819,2761503.9469214,"15/07/2018"
"819",5228,5447914.64073819,2761503.9469214,"14/08/2012"
"820",5233,5572914.64073819,2761503.9469214,"16/08/2012"
"821",5236,5647914.64073819,2761503.9469214,"02/08/2012"
"822",5241,3447914.64073819,2736503.9469214,"21/05/2018"
"823",5247,3597914.64073819,2736503.9469214,"13/07/2015"
"824",5268,4122914.64073819,2736503.9469214,"28/07/2009"
"825",5271,4197914.64073819,2736503.9469214,"25/08/2018"
"826",5273,4247914.64073819,2736503.9469214,"31/08/2018"
"827",5274,4272914.64073819,2736503.9469214,"29/05/2018"
"828",5275,4297914.64073819,2736503.9469214,"27/06/2009"
"829",5276,4322914.64073819,2736503.9469214,"26/06/2009"
"830",5277,4347914.64073819,2736503.9469214,"08/07/2009"
"831",5282,4472914.64073819,2736503.9469214,"27/07/2009"
"832",5283,4497914.64073819,2736503.9469214,"08/08/2012"
"833",5285,4547914.64073819,2736503.9469214,"08/05/2012"
"834",5287,4597914.64073819,2736503.9469214,"31/07/2015"
"835",5288,4622914.64073819,2736503.9469214,"28/05/2018"
"836",5294,4772914.64073819,2736503.9469214,"15/08/2009"
"837",5295,4797914.64073819,2736503.9469214,"18/07/2015"
"838",5298,4872914.64073819,2736503.9469214,"19/07/2018"
"839",5303,4997914.64073819,2736503.9469214,"18/05/2009"
"840",5305,5047914.64073819,2736503.9469214,"29/08/2018"
"841",5313,5247914.64073819,2736503.9469214,"31/07/2012"
"842",5314,5272914.64073819,2736503.9469214,"28/11/2018"
"843",5315,5297914.64073819,2736503.9469214,"12/11/2018"
"844",5316,5322914.64073819,2736503.9469214,"24/10/2018"
"845",5318,5372914.64073819,2736503.9469214,"30/08/2012"
"846",5320,5422914.64073819,2736503.9469214,"29/08/2018"
"847",5321,5447914.64073819,2736503.9469214,"08/10/2015"
"848",5327,5597914.64073819,2736503.9469214,"31/07/2012"
"849",5329,5647914.64073819,2736503.9469214,"28/07/2015"
"850",5330,5672914.64073819,2736503.9469214,"26/09/2018"
"851",5336,3472914.64073819,2711503.9469214,"30/06/2012"
"852",5347,3747914.64073819,2711503.9469214,"29/06/2009"
"853",5360,4072914.64073819,2711503.9469214,"24/07/2018"
"854",5361,4097914.64073819,2711503.9469214,"21/07/2012"
"855",5362,4122914.64073819,2711503.9469214,"22/07/2009"
"856",5363,4147914.64073819,2711503.9469214,"08/07/2015"
"857",5365,4197914.64073819,2711503.9469214,"14/09/2018"
"858",5369,4297914.64073819,2711503.9469214,"23/06/2009"
"859",5380,4572914.64073819,2711503.9469214,"31/07/2012"
"860",5387,4747914.64073819,2711503.9469214,"05/07/2012"
"861",5388,4772914.64073819,2711503.9469214,"15/05/2015"
"862",5389,4797914.64073819,2711503.9469214,"21/07/2015"
"863",5390,4822914.64073819,2711503.9469214,"30/07/2015"
"864",5392,4872914.64073819,2711503.9469214,"13/05/2018"
"865",5395,4947914.64073819,2711503.9469214,"23/07/2015"
"866",5399,5047914.64073819,2711503.9469214,"30/07/2015"
"867",5400,5072914.64073819,2711503.9469214,"10/08/2012"
"868",5406,5222914.64073819,2711503.9469214,"16/11/2018"
"869",5407,5247914.64073819,2711503.9469214,"26/11/2018"
"870",5408,5272914.64073819,2711503.9469214,"10/08/2012"
"871",5410,5322914.64073819,2711503.9469214,"23/08/2012"
"872",5411,5347914.64073819,2711503.9469214,"17/09/2015"
"873",5412,5372914.64073819,2711503.9469214,"12/09/2018"
"874",5414,5422914.64073819,2711503.9469214,"10/08/2012"
"875",5416,5472914.64073819,2711503.9469214,"21/06/2012"
"876",5417,5497914.64073819,2711503.9469214,"20/06/2012"
"877",5418,5522914.64073819,2711503.9469214,"15/10/2015"
"878",5419,5547914.64073819,2711503.9469214,"06/06/2012"
"879",5421,5597914.64073819,2711503.9469214,"27/07/2018"
"880",5422,5622914.64073819,2711503.9469214,"24/08/2018"
"881",5432,3522914.64073819,2686503.9469214,"26/06/2018"
"882",5433,3547914.64073819,2686503.9469214,"19/07/2012"
"883",5435,3597914.64073819,2686503.9469214,"16/07/2018"
"884",5437,3647914.64073819,2686503.9469214,"30/07/2015"
"885",5438,3672914.64073819,2686503.9469214,"07/06/2018"
"886",5479,4697914.64073819,2686503.9469214,"09/07/2015"
"887",5480,4722914.64073819,2686503.9469214,"26/05/2009"
"888",5481,4747914.64073819,2686503.9469214,"30/06/2015"
"889",5483,4797914.64073819,2686503.9469214,"31/05/2012"
"890",5488,4922914.64073819,2686503.9469214,"17/05/2012"
"891",5489,4947914.64073819,2686503.9469214,"20/07/2018"
"892",5494,5072914.64073819,2686503.9469214,"15/08/2009"
"893",5501,5247914.64073819,2686503.9469214,"14/09/2015"
"894",5502,5272914.64073819,2686503.9469214,"23/07/2012"
"895",5504,5322914.64073819,2686503.9469214,"01/10/2015"
"896",5505,5347914.64073819,2686503.9469214,"27/07/2018"
"897",5506,5372914.64073819,2686503.9469214,"13/09/2018"
"898",5508,5422914.64073819,2686503.9469214,"21/06/2012"
"899",5510,5472914.64073819,2686503.9469214,"26/06/2012"
"900",5526,3497914.64073819,2661503.9469214,"30/07/2009"
"901",5530,3597914.64073819,2661503.9469214,"21/08/2018"
"902",5535,3722914.64073819,2661503.9469214,"27/08/2009"
"903",5536,3747914.64073819,2661503.9469214,"19/07/2018"
"904",5540,3847914.64073819,2661503.9469214,"15/07/2015"
"905",5546,3997914.64073819,2661503.9469214,"16/10/2015"
"906",5560,4347914.64073819,2661503.9469214,"24/05/2012"
"907",5575,4722914.64073819,2661503.9469214,"30/05/2018"
"908",5576,4747914.64073819,2661503.9469214,"11/07/2015"
"909",5577,4772914.64073819,2661503.9469214,"31/07/2012"
"910",5578,4797914.64073819,2661503.9469214,"09/07/2018"
"911",5581,4872914.64073819,2661503.9469214,"04/06/2018"
"912",5596,5247914.64073819,2661503.9469214,"26/08/2015"
"913",5597,5272914.64073819,2661503.9469214,"27/08/2015"
"914",5599,5322914.64073819,2661503.9469214,"05/10/2015"
"915",5604,5447914.64073819,2661503.9469214,"29/06/2012"
"916",5607,5522914.64073819,2661503.9469214,"25/06/2012"
"917",5608,5547914.64073819,2661503.9469214,"14/05/2015"
"918",5612,5647914.64073819,2661503.9469214,"27/10/2015"
"919",5640,3897914.64073819,2636503.9469214,"29/07/2012"
"920",5662,4447914.64073819,2636503.9469214,"30/05/2012"
"921",5667,4572914.64073819,2636503.9469214,"10/05/2012"
"922",5668,4597914.64073819,2636503.9469214,"17/07/2015"
"923",5671,4672914.64073819,2636503.9469214,"27/05/2015"
"924",5672,4697914.64073819,2636503.9469214,"27/06/2012"
"925",5674,4747914.64073819,2636503.9469214,"28/05/2009"
"926",5676,4797914.64073819,2636503.9469214,"29/07/2018"
"927",5697,5322914.64073819,2636503.9469214,"24/09/2015"
"928",5698,5347914.64073819,2636503.9469214,"25/08/2012"
"929",5701,5422914.64073819,2636503.9469214,"12/10/2015"
"930",5703,5472914.64073819,2636503.9469214,"22/05/2012"
"931",5712,5697914.64073819,2636503.9469214,"30/07/2015"
"932",5713,5722914.64073819,2636503.9469214,"05/07/2018"
"933",5756,4372914.64073819,2611503.9469214,"28/09/2018"
"934",5757,4397914.64073819,2611503.9469214,"28/05/2015"
"935",5758,4422914.64073819,2611503.9469214,"30/05/2009"
"936",5759,4447914.64073819,2611503.9469214,"21/06/2009"
"937",5772,4772914.64073819,2611503.9469214,"23/08/2018"
"938",5773,4797914.64073819,2611503.9469214,"26/05/2012"
"939",5774,4822914.64073819,2611503.9469214,"25/05/2015"
"940",5777,4897914.64073819,2611503.9469214,"10/08/2009"
"941",5778,4922914.64073819,2611503.9469214,"07/08/2018"
"942",5780,4972914.64073819,2611503.9469214,"30/07/2018"
"943",5781,4997914.64073819,2611503.9469214,"23/07/2012"
"944",5782,5022914.64073819,2611503.9469214,"23/05/2012"
"945",5790,5222914.64073819,2611503.9469214,"25/08/2015"
"946",5791,5247914.64073819,2611503.9469214,"12/08/2012"
"947",5795,5347914.64073819,2611503.9469214,"24/08/2012"
"948",5796,5372914.64073819,2611503.9469214,"29/09/2015"
"949",5797,5397914.64073819,2611503.9469214,"22/11/2018"
"950",5798,5422914.64073819,2611503.9469214,"24/08/2012"
"951",5802,5522914.64073819,2611503.9469214,"28/07/2018"
"952",5804,5572914.64073819,2611503.9469214,"30/07/2018"
"953",5805,5597914.64073819,2611503.9469214,"26/10/2015"
"954",5810,5722914.64073819,2611503.9469214,"05/07/2012"
"955",5817,3472914.64073819,2586503.9469214,"25/06/2015"
"956",5835,3922914.64073819,2586503.9469214,"20/08/2015"
"957",5837,3972914.64073819,2586503.9469214,"24/07/2012"
"958",5854,4397914.64073819,2586503.9469214,"28/08/2012"
"959",5855,4422914.64073819,2586503.9469214,"30/05/2009"
"960",5862,4597914.64073819,2586503.9469214,"06/08/2018"
"961",5864,4647914.64073819,2586503.9469214,"26/05/2012"
"962",5866,4697914.64073819,2586503.9469214,"29/06/2009"
"963",5867,4722914.64073819,2586503.9469214,"20/05/2015"
"964",5868,4747914.64073819,2586503.9469214,"16/08/2018"
"965",5871,4822914.64073819,2586503.9469214,"27/07/2018"
"966",5872,4847914.64073819,2586503.9469214,"27/07/2018"
"967",5878,4997914.64073819,2586503.9469214,"20/06/2012"
"968",5886,5197914.64073819,2586503.9469214,"24/08/2015"
"969",5891,5322914.64073819,2586503.9469214,"30/08/2012"
"970",5896,5447914.64073819,2586503.9469214,"10/07/2015"
"971",5898,5497914.64073819,2586503.9469214,"21/10/2015"
"972",5900,5547914.64073819,2586503.9469214,"26/05/2015"
"973",5901,5572914.64073819,2586503.9469214,"30/07/2018"
"974",5902,5597914.64073819,2586503.9469214,"31/05/2012"
"975",5904,5647914.64073819,2586503.9469214,"08/08/2012"
"976",5916,3547914.64073819,2561503.9469214,"08/08/2009"
"977",5921,3672914.64073819,2561503.9469214,"24/05/2018"
"978",5947,4322914.64073819,2561503.9469214,"24/08/2012"
"979",5950,4397914.64073819,2561503.9469214,"29/04/2012"
"980",5951,4422914.64073819,2561503.9469214,"27/08/2012"
"981",5953,4472914.64073819,2561503.9469214,"28/06/2018"
"982",5959,4622914.64073819,2561503.9469214,"31/05/2018"
"983",5960,4647914.64073819,2561503.9469214,"26/08/2015"
"984",5961,4672914.64073819,2561503.9469214,"27/06/2018"
"985",5962,4697914.64073819,2561503.9469214,"13/08/2018"
"986",5963,4722914.64073819,2561503.9469214,"31/08/2015"
"987",5964,4747914.64073819,2561503.9469214,"29/08/2018"
"988",5965,4772914.64073819,2561503.9469214,"21/06/2015"
"989",5968,4847914.64073819,2561503.9469214,"24/08/2018"
"990",5982,5197914.64073819,2561503.9469214,"11/12/2018"
"991",5984,5247914.64073819,2561503.9469214,"22/09/2015"
"992",5990,5397914.64073819,2561503.9469214,"22/08/2012"
"993",5991,5422914.64073819,2561503.9469214,"26/09/2015"
"994",5992,5447914.64073819,2561503.9469214,"26/09/2015"
"995",5993,5472914.64073819,2561503.9469214,"24/08/2012"
"996",5994,5497914.64073819,2561503.9469214,"25/08/2012"
"997",5995,5522914.64073819,2561503.9469214,"27/08/2012"
"998",5996,5547914.64073819,2561503.9469214,"09/06/2018"
"999",6001,5672914.64073819,2561503.9469214,"21/07/2015"
"1000",6009,3497914.64073819,2536503.9469214,"19/07/2012"
"1001",6014,3622914.64073819,2536503.9469214,"18/07/2015"
"1002",6015,3647914.64073819,2536503.9469214,"20/07/2015"
"1003",6025,3897914.64073819,2536503.9469214,"31/07/2015"
"1004",6028,3972914.64073819,2536503.9469214,"13/07/2012"
"1005",6038,4222914.64073819,2536503.9469214,"15/07/2015"
"1006",6045,4397914.64073819,2536503.9469214,"30/04/2012"
"1007",6046,4422914.64073819,2536503.9469214,"23/05/2009"
"1008",6053,4597914.64073819,2536503.9469214,"21/07/2015"
"1009",6060,4772914.64073819,2536503.9469214,"01/05/2015"
"1010",6063,4847914.64073819,2536503.9469214,"26/07/2015"
"1011",6079,5247914.64073819,2536503.9469214,"21/08/2015"
"1012",6081,5297914.64073819,2536503.9469214,"23/09/2015"
"1013",6083,5347914.64073819,2536503.9469214,"22/08/2012"
"1014",6084,5372914.64073819,2536503.9469214,"26/09/2015"
"1015",6085,5397914.64073819,2536503.9469214,"28/09/2015"
"1016",6086,5422914.64073819,2536503.9469214,"28/09/2015"
"1017",6087,5447914.64073819,2536503.9469214,"11/09/2018"
"1018",6090,5522914.64073819,2536503.9469214,"16/06/2018"
"1019",6091,5547914.64073819,2536503.9469214,"07/06/2012"
"1020",6093,5597914.64073819,2536503.9469214,"30/06/2015"
"1021",6106,3547914.64073819,2511503.9469214,"10/08/2012"
"1022",6108,3597914.64073819,2511503.9469214,"10/07/2012"
"1023",6109,3622914.64073819,2511503.9469214,"26/06/2018"
"1024",6110,3647914.64073819,2511503.9469214,"26/06/2009"
"1025",6120,3897914.64073819,2511503.9469214,"21/08/2012"
"1026",6121,3922914.64073819,2511503.9469214,"10/08/2015"
"1027",6123,3972914.64073819,2511503.9469214,"11/07/2012"
"1028",6131,4172914.64073819,2511503.9469214,"28/05/2015"
"1029",6133,4222914.64073819,2511503.9469214,"20/07/2015"
"1030",6134,4247914.64073819,2511503.9469214,"17/06/2009"
"1031",6140,4397914.64073819,2511503.9469214,"23/05/2015"
"1032",6146,4547914.64073819,2511503.9469214,"12/05/2009"
"1033",6155,4772914.64073819,2511503.9469214,"12/08/2018"
"1034",6156,4797914.64073819,2511503.9469214,"04/07/2018"
"1035",6165,5022914.64073819,2511503.9469214,"12/05/2015"
"1036",6175,5272914.64073819,2511503.9469214,"14/08/2012"
"1037",6176,5297914.64073819,2511503.9469214,"11/12/2018"
"1038",6178,5347914.64073819,2511503.9469214,"22/08/2012"
"1039",6179,5372914.64073819,2511503.9469214,"07/08/2018"
"1040",6180,5397914.64073819,2511503.9469214,"28/09/2015"
"1041",6183,5472914.64073819,2511503.9469214,"09/07/2015"
"1042",6186,5547914.64073819,2511503.9469214,"20/06/2018"
"1043",6202,3547914.64073819,2486503.9469214,"19/08/2015"
"1044",6203,3572914.64073819,2486503.9469214,"10/07/2018"
"1045",6204,3597914.64073819,2486503.9469214,"16/07/2015"
"1046",6206,3647914.64073819,2486503.9469214,"08/07/2018"
"1047",6207,3672914.64073819,2486503.9469214,"20/07/2018"
"1048",6209,3722914.64073819,2486503.9469214,"22/06/2015"
"1049",6216,3897914.64073819,2486503.9469214,"27/06/2018"
"1050",6217,3922914.64073819,2486503.9469214,"29/07/2009"
"1051",6236,4397914.64073819,2486503.9469214,"01/07/2009"
"1052",6237,4422914.64073819,2486503.9469214,"23/07/2009"
"1053",6249,4747914.64073819,2486503.9469214,"09/09/2018"
"1054",6252,4822914.64073819,2486503.9469214,"21/08/2015"
"1055",6256,4922914.64073819,2486503.9469214,"20/07/2018"
"1056",6270,5272914.64073819,2486503.9469214,"18/08/2015"
"1057",6272,5322914.64073819,2486503.9469214,"17/08/2015"
"1058",6273,5347914.64073819,2486503.9469214,"14/08/2012"
"1059",6291,5797914.64073819,2486503.9469214,"21/08/2012"
"1060",6295,2922914.64073819,2461503.9469214,"26/03/2012"
"1061",6302,3572914.64073819,2461503.9469214,"06/07/2018"
"1062",6318,3972914.64073819,2461503.9469214,"25/10/2018"
"1063",6319,3997914.64073819,2461503.9469214,"29/05/2012"
"1064",6335,4397914.64073819,2461503.9469214,"28/05/2015"
"1065",6336,4422914.64073819,2461503.9469214,"29/05/2012"
"1066",6345,4722914.64073819,2461503.9469214,"15/09/2018"
"1067",6370,5347914.64073819,2461503.9469214,"14/08/2012"
"1068",6372,5397914.64073819,2461503.9469214,"15/08/2015"
"1069",6385,5722914.64073819,2461503.9469214,"14/08/2015"
"1070",6388,5797914.64073819,2461503.9469214,"11/08/2015"
"1071",6393,2872914.64073819,2436503.9469214,"10/07/2015"
"1072",6407,3647914.64073819,2436503.9469214,"16/06/2012"
"1073",6420,3972914.64073819,2436503.9469214,"07/05/2012"
"1074",6426,4122914.64073819,2436503.9469214,"17/05/2012"
"1075",6428,4172914.64073819,2436503.9469214,"25/06/2009"
"1076",6438,4422914.64073819,2436503.9469214,"28/05/2015"
"1077",6440,4472914.64073819,2436503.9469214,"25/06/2009"
"1078",6441,4497914.64073819,2436503.9469214,"04/06/2018"
"1079",6483,5597914.64073819,2436503.9469214,"01/07/2015"
"1080",6488,5722914.64073819,2436503.9469214,"26/06/2015"
"1081",6490,5772914.64073819,2436503.9469214,"02/08/2018"
"1082",6497,2897914.64073819,2411503.9469214,"08/06/2015"
"1083",6499,2947914.64073819,2411503.9469214,"29/07/2009"
"1084",6500,2972914.64073819,2411503.9469214,"17/07/2012"
"1085",6502,3022914.64073819,2411503.9469214,"11/06/2012"
"1086",6503,3047914.64073819,2411503.9469214,"14/06/2012"
"1087",6516,3697914.64073819,2411503.9469214,"04/07/2018"
"1088",6518,3747914.64073819,2411503.9469214,"21/07/2012"
"1089",6534,4147914.64073819,2411503.9469214,"14/07/2009"
"1090",6535,4172914.64073819,2411503.9469214,"07/07/2009"
"1091",6536,4197914.64073819,2411503.9469214,"22/07/2009"
"1092",6544,4397914.64073819,2411503.9469214,"15/06/2015"
"1093",6546,4447914.64073819,2411503.9469214,"30/07/2018"
"1094",6547,4472914.64073819,2411503.9469214,"29/05/2015"
"1095",6599,2822914.64073819,2386503.9469214,"16/04/2012"
"1096",6601,2872914.64073819,2386503.9469214,"24/06/2015"
"1097",6607,3022914.64073819,2386503.9469214,"25/07/2018"
"1098",6608,3047914.64073819,2386503.9469214,"27/05/2009"
"1099",6609,3072914.64073819,2386503.9469214,"31/03/2015"
"1100",6610,3097914.64073819,2386503.9469214,"01/05/2012"
"1101",6619,3572914.64073819,2386503.9469214,"31/05/2012"
"1102",6621,3622914.64073819,2386503.9469214,"15/07/2015"
"1103",6624,3697914.64073819,2386503.9469214,"02/07/2018"
"1104",6627,3772914.64073819,2386503.9469214,"19/07/2018"
"1105",6635,3972914.64073819,2386503.9469214,"14/05/2009"
"1106",6641,4122914.64073819,2386503.9469214,"30/05/2015"
"1107",6652,4397914.64073819,2386503.9469214,"30/05/2015"
"1108",6654,4447914.64073819,2386503.9469214,"03/06/2018"
"1109",6660,4747914.64073819,2386503.9469214,"10/05/2018"
"1110",6705,2847914.64073819,2361503.9469214,"21/07/2009"
"1111",6707,2897914.64073819,2361503.9469214,"25/04/2009"
"1112",6708,2922914.64073819,2361503.9469214,"29/04/2018"
"1113",6713,3047914.64073819,2361503.9469214,"22/04/2012"
"1114",6714,3072914.64073819,2361503.9469214,"13/05/2009"
"1115",6715,3097914.64073819,2361503.9469214,"23/07/2015"
"1116",6718,3172914.64073819,2361503.9469214,"10/05/2012"
"1117",6719,3197914.64073819,2361503.9469214,"27/07/2015"
"1118",6720,3222914.64073819,2361503.9469214,"19/06/2018"
"1119",6730,3597914.64073819,2361503.9469214,"24/07/2009"
"1120",6731,3622914.64073819,2361503.9469214,"24/07/2009"
"1121",6740,3847914.64073819,2361503.9469214,"20/06/2012"
"1122",6745,3972914.64073819,2361503.9469214,"14/09/2015"
"1123",6746,3997914.64073819,2361503.9469214,"30/07/2009"
"1124",6763,4422914.64073819,2361503.9469214,"30/05/2012"
"1125",6766,4497914.64073819,2361503.9469214,"26/06/2015"
"1126",6770,4772914.64073819,2361503.9469214,"12/06/2018"
"1127",6809,5747914.64073819,2361503.9469214,"11/09/2015"
"1128",6812,2797914.64073819,2336503.9469214,"30/03/2012"
"1129",6831,3272914.64073819,2336503.9469214,"23/07/2015"
"1130",6845,3622914.64073819,2336503.9469214,"09/07/2009"
"1131",6846,3647914.64073819,2336503.9469214,"24/08/2009"
"1132",6847,3672914.64073819,2336503.9469214,"29/05/2015"
"1133",6852,3797914.64073819,2336503.9469214,"24/05/2012"
"1134",6856,3897914.64073819,2336503.9469214,"09/07/2015"
"1135",6857,3922914.64073819,2336503.9469214,"03/07/2012"
"1136",6861,4022914.64073819,2336503.9469214,"18/08/2015"
"1137",6914,5572914.64073819,2336503.9469214,"11/10/2015"
"1138",6919,5697914.64073819,2336503.9469214,"24/06/2012"
"1139",6924,2797914.64073819,2311503.9469214,"20/05/2015"
"1140",6930,2947914.64073819,2311503.9469214,"27/07/2009"
"1141",6943,3272914.64073819,2311503.9469214,"07/07/2015"
"1142",6944,3297914.64073819,2311503.9469214,"09/07/2015"
"1143",6945,3322914.64073819,2311503.9469214,"28/07/2018"
"1144",6946,3347914.64073819,2311503.9469214,"24/07/2018"
"1145",6950,3447914.64073819,2311503.9469214,"30/06/2012"
"1146",6966,3847914.64073819,2311503.9469214,"13/07/2009"
"1147",6967,3872914.64073819,2311503.9469214,"23/06/2012"
"1148",6968,3897914.64073819,2311503.9469214,"13/07/2015"
"1149",6969,3922914.64073819,2311503.9469214,"30/06/2009"
"1150",6971,3972914.64073819,2311503.9469214,"26/06/2009"
"1151",6974,4047914.64073819,2311503.9469214,"04/10/2015"
"1152",6989,4547914.64073819,2311503.9469214,"23/09/2015"
"1153",7019,5447914.64073819,2311503.9469214,"04/07/2018"
"1154",7023,5547914.64073819,2311503.9469214,"18/10/2015"
"1155",7029,5697914.64073819,2311503.9469214,"25/06/2012"
"1156",7034,2797914.64073819,2286503.9469214,"15/07/2009"
"1157",7036,2847914.64073819,2286503.9469214,"25/05/2012"
"1158",7044,3047914.64073819,2286503.9469214,"17/05/2012"
"1159",7045,3072914.64073819,2286503.9469214,"17/07/2015"
"1160",7051,3222914.64073819,2286503.9469214,"03/11/2018"
"1161",7073,3772914.64073819,2286503.9469214,"12/10/2015"
"1162",7079,3922914.64073819,2286503.9469214,"28/06/2012"
"1163",7124,5397914.64073819,2286503.9469214,"20/08/2018"
"1164",7131,5572914.64073819,2286503.9469214,"05/08/2015"
"1165",7174,3597914.64073819,2261503.9469214,"26/06/2018"
"1166",7226,5372914.64073819,2261503.9469214,"17/09/2015"
"1167",7229,5447914.64073819,2261503.9469214,"15/06/2012"
"1168",7293,4472914.64073819,2236503.9469214,"07/06/2018"
"1169",7321,5372914.64073819,2236503.9469214,"05/09/2018"
"1170",7322,5397914.64073819,2236503.9469214,"08/09/2015"
"1171",7327,5522914.64073819,2236503.9469214,"20/09/2018"
"1172",7328,5547914.64073819,2236503.9469214,"26/05/2018"
"1173",7335,2772914.64073819,2211503.9469214,"07/05/2018"
"1174",7366,3547914.64073819,2211503.9469214,"14/07/2018"
"1175",7385,4522914.64073819,2211503.9469214,"08/09/2015"
"1176",7387,4572914.64073819,2211503.9469214,"12/08/2015"
"1177",7410,5347914.64073819,2211503.9469214,"06/09/2018"
"1178",7428,2847914.64073819,2186503.9469214,"08/06/2015"
"1179",7429,2872914.64073819,2186503.9469214,"28/07/2015"
"1180",7448,3347914.64073819,2186503.9469214,"19/07/2015"
"1181",7453,3472914.64073819,2186503.9469214,"23/04/2012"
"1182",7514,2847914.64073819,2161503.9469214,"29/05/2018"
"1183",7515,2872914.64073819,2161503.9469214,"16/07/2015"
"1184",7554,4272914.64073819,2161503.9469214,"06/07/2018"
"1185",7562,4547914.64073819,2161503.9469214,"24/09/2015"
"1186",7600,2872914.64073819,2136503.9469214,"22/06/2012"
"1187",7620,3372914.64073819,2136503.9469214,"29/03/2012"
"1188",7629,3597914.64073819,2136503.9469214,"13/07/2018"
"1189",7635,3747914.64073819,2136503.9469214,"28/06/2018"
"1190",7645,4497914.64073819,2136503.9469214,"08/08/2015"
"1191",7647,4547914.64073819,2136503.9469214,"04/10/2015"
"1192",7648,4572914.64073819,2136503.9469214,"21/07/2018"
"1193",7652,4672914.64073819,2136503.9469214,"30/06/2015"
"1194",7676,5597914.64073819,2136503.9469214,"09/07/2018"
"1195",7686,2847914.64073819,2111503.9469214,"21/05/2015"
"1196",7699,3172914.64073819,2111503.9469214,"30/07/2012"
"1197",7705,3322914.64073819,2111503.9469214,"04/07/2009"
"1198",7713,3522914.64073819,2111503.9469214,"30/05/2009"
"1199",7714,3547914.64073819,2111503.9469214,"25/05/2018"
"1200",7715,3572914.64073819,2111503.9469214,"17/07/2012"
"1201",7733,4622914.64073819,2111503.9469214,"09/06/2009"
"1202",7736,4697914.64073819,2111503.9469214,"22/05/2018"
"1203",7801,3597914.64073819,2086503.9469214,"10/06/2018"
"1204",7813,4547914.64073819,2086503.9469214,"21/08/2015"
"1205",7819,4697914.64073819,2086503.9469214,"31/07/2015"
"1206",7821,4747914.64073819,2086503.9469214,"19/09/2015"
"1207",7881,3597914.64073819,2061503.9469214,"09/06/2018"
"1208",7910,5322914.64073819,2061503.9469214,"01/08/2015"
"1209",7912,5372914.64073819,2061503.9469214,"12/07/2018"
"1210",7924,2697914.64073819,2036503.9469214,"29/05/2015"
"1211",7927,2772914.64073819,2036503.9469214,"03/07/2015"
"1212",7928,2797914.64073819,2036503.9469214,"10/08/2018"
"1213",7938,3047914.64073819,2036503.9469214,"06/06/2018"
"1214",7957,3522914.64073819,2036503.9469214,"12/05/2009"
"1215",7965,4597914.64073819,2036503.9469214,"03/08/2012"
"1216",7968,4672914.64073819,2036503.9469214,"06/05/2012"
"1217",7986,5297914.64073819,2036503.9469214,"26/05/2018"
"1218",7987,5322914.64073819,2036503.9469214,"29/08/2015"
"1219",7988,5347914.64073819,2036503.9469214,"31/07/2015"
"1220",7997,2672914.64073819,2011503.9469214,"18/07/2018"
"1221",7998,2697914.64073819,2011503.9469214,"29/05/2012"
"1222",7999,2722914.64073819,2011503.9469214,"26/05/2015"
"1223",8016,3147914.64073819,2011503.9469214,"20/07/2018"
"1224",8040,4697914.64073819,2011503.9469214,"16/06/2009"
"1225",8057,5272914.64073819,2011503.9469214,"26/09/2018"
"1226",8061,5372914.64073819,2011503.9469214,"26/07/2015"
"1227",8072,2647914.64073819,1986503.9469214,"09/07/2009"
"1228",8075,2722914.64073819,1986503.9469214,"08/07/2015"
"1229",8079,2822914.64073819,1986503.9469214,"30/04/2009"
"1230",8118,4722914.64073819,1986503.9469214,"29/07/2009"
"1231",8120,4772914.64073819,1986503.9469214,"07/08/2012"
"1232",8195,4822914.64073819,1961503.9469214,"14/05/2018"
"1233",8252,3397914.64073819,1936503.9469214,"18/06/2015"
"1234",8281,5322914.64073819,1936503.9469214,"03/06/2009"
"1235",8285,5422914.64073819,1936503.9469214,"23/06/2018"
"1236",8303,2972914.64073819,1911503.9469214,"27/05/2009"
"1237",8328,4197914.64073819,1911503.9469214,"10/07/2018"
"1238",8351,5347914.64073819,1911503.9469214,"11/04/2012"
"1239",8363,2747914.64073819,1886503.9469214,"19/04/2012"
"1240",8483,5372914.64073819,1861503.9469214,"18/08/2018"
"1241",8530,4222914.64073819,1836503.9469214,"09/07/2015"
"1242",8538,4922914.64073819,1836503.9469214,"28/06/2018"
"1243",8563,2847914.64073819,1811503.9469214,"18/05/2009"
"1244",8783,4847914.64073819,1736503.9469214,"15/07/2015"
"1245",8841,5347914.64073819,1711503.9469214,"01/09/2018"
"1246",8844,5422914.64073819,1711503.9469214,"15/06/2009"
"1247",8898,5422914.64073819,1686503.9469214,"13/05/2012"
"1248",8999,4697914.64073819,1636503.9469214,"23/06/2009"
"1249",9021,6397914.64073819,1636503.9469214,"31/08/2018"
